<keymap name="macOS For All" parent="$default" version="1" disable-mnemonics="true">
  <action id="FileChooser.TogglePathShowing">
    <keyboard-shortcut first-keystroke="control P"/>
  </action>

  <action id="$Delete">
    <keyboard-shortcut first-keystroke="DELETE"/>
    <keyboard-shortcut first-keystroke="BACK_SPACE"/>
  </action>

  <action id="EditorDelete">
    <keyboard-shortcut first-keystroke="DELETE"/>
  </action>

  <action id="EditorBackSpace">
    <keyboard-shortcut first-keystroke="BACK_SPACE"/>
    <keyboard-shortcut first-keystroke="shift BACK_SPACE"/>
  </action>

  <action id="NextSplitter">
    <keyboard-shortcut first-keystroke="alt TAB"/>
  </action>
  <action id="PrevSplitter">
    <keyboard-shortcut first-keystroke="alt shift TAB"/>
  </action>

  <action id="ShowSettings">
    <keyboard-shortcut first-keystroke="control COMMA"/>
  </action>
  <action id="ShowProjectStructureSettings">
    <keyboard-shortcut first-keystroke="control SEMICOLON"/>
  </action>
  <action id="EditorChooseLookupItemDot">
    <keyboard-shortcut first-keystroke="control PERIOD"/>
  </action>
  <action id="CodeCompletion">
    <keyboard-shortcut first-keystroke="control SPACE"/>
  </action>
  <action id="ClassNameCompletion">
    <keyboard-shortcut first-keystroke="control alt SPACE"/>
  </action>
  <action id="SmartTypeCompletion">
    <keyboard-shortcut first-keystroke="control shift SPACE"/>
  </action>
  <action id="PreviousEditorTab">
    <keyboard-shortcut first-keystroke="control alt shift LEFT"/>
  </action>
  <action id="EditorPreviousWord">
    <keyboard-shortcut first-keystroke="alt LEFT"/>
  </action>
  <action id="QuickJavaDoc">
    <keyboard-shortcut first-keystroke="F1"/>
    <keyboard-shortcut first-keystroke="control J"/>
    <mouse-shortcut keystroke="control button2"/>
  </action>
  <action id="ExpressionTypeInfo">
    <keyboard-shortcut first-keystroke="control shift P"/>
  </action>
  <action id="SafeDelete">
    <keyboard-shortcut first-keystroke="control DELETE"/>
  </action>
  <action id="EditorDeleteToWordStart">
    <keyboard-shortcut first-keystroke="alt BACK_SPACE"/>
  </action>
  <action id="EditorDeleteToWordEnd">
    <keyboard-shortcut first-keystroke="alt DELETE"/>
  </action>
  <action id="DebugClass"/>
  <action id="EditorStartNewLine">
    <keyboard-shortcut first-keystroke="shift ENTER"/>
  </action>
  <action id="ExternalJavaDoc">
    <keyboard-shortcut first-keystroke="shift F1"/>
  </action>
  <action id="EditorContextInfo">
    <keyboard-shortcut first-keystroke="control shift Q"/>
  </action>
  <action id="MethodDown">
    <keyboard-shortcut first-keystroke="control alt DOWN"/>
  </action>
  <action id="EditorPreviousWordWithSelection">
    <keyboard-shortcut first-keystroke="alt shift LEFT"/>
  </action>
  <action id="RunClass"/>

  <action id="GotoBookmark0">
    <keyboard-shortcut first-keystroke="control 0"/>
  </action>
  <action id="GotoBookmark1">
    <keyboard-shortcut first-keystroke="control 1"/>
  </action>
  <action id="GotoBookmark2">
    <keyboard-shortcut first-keystroke="control 2"/>
  </action>
  <action id="GotoBookmark3">
    <keyboard-shortcut first-keystroke="control 3"/>
  </action>
  <action id="GotoBookmark4">
    <keyboard-shortcut first-keystroke="control 4"/>
  </action>
  <action id="GotoBookmark5">
    <keyboard-shortcut first-keystroke="control 5"/>
  </action>
  <action id="GotoBookmark6">
    <keyboard-shortcut first-keystroke="control 6"/>
  </action>
  <action id="GotoBookmark7">
    <keyboard-shortcut first-keystroke="control 7"/>
  </action>
  <action id="GotoBookmark8">
    <keyboard-shortcut first-keystroke="control 8"/>
  </action>
  <action id="GotoBookmark9">
    <keyboard-shortcut first-keystroke="control 9"/>
  </action>

  <action id="ToggleBookmark0">
    <keyboard-shortcut first-keystroke="control shift 0"/>
  </action>
  <action id="ToggleBookmark1">
    <keyboard-shortcut first-keystroke="control shift 1"/>
  </action>
  <action id="ToggleBookmark2">
    <keyboard-shortcut first-keystroke="control shift 2"/>
  </action>
  <action id="ToggleBookmark3">
    <keyboard-shortcut first-keystroke="control shift 3"/>
  </action>
  <action id="ToggleBookmark4">
    <keyboard-shortcut first-keystroke="control shift 4"/>
  </action>
  <action id="ToggleBookmark5">
    <keyboard-shortcut first-keystroke="control shift 5"/>
  </action>
  <action id="ToggleBookmark6">
    <keyboard-shortcut first-keystroke="control shift 6"/>
  </action>
  <action id="ToggleBookmark7">
    <keyboard-shortcut first-keystroke="control shift 7"/>
  </action>
  <action id="ToggleBookmark8">
    <keyboard-shortcut first-keystroke="control shift 8"/>
  </action>
  <action id="ToggleBookmark9">
    <keyboard-shortcut first-keystroke="control shift 9"/>
  </action>
  <action id="MethodUp">
    <keyboard-shortcut first-keystroke="control alt UP"/>
  </action>
  <action id="ShowContent">
    <keyboard-shortcut first-keystroke="control shift DOWN"/>
  </action>
  <action id="NextEditorTab">
    <keyboard-shortcut first-keystroke="control alt shift RIGHT"/>
  </action>
  <action id="TogglePopupHints"/>
  <action id="EditorNextWordWithSelection">
    <keyboard-shortcut first-keystroke="alt shift RIGHT"/>
  </action>
  <action id="EditorNextWord">
    <keyboard-shortcut first-keystroke="alt RIGHT"/>
  </action>
  <action id="EditorLineStart">
    <keyboard-shortcut first-keystroke="HOME"/>
    <keyboard-shortcut first-keystroke="control LEFT"/>
  </action>
  <action id="ValidateXml"/>
  <action id="TypeHierarchy">
    <keyboard-shortcut first-keystroke="control H"/>
  </action>
  <action id="ToggleReadOnlyAttribute"/>
  <action id="ShowPopupMenu"/>
  <action id="EditorLineStartWithSelection">
    <keyboard-shortcut first-keystroke="shift HOME"/>
    <keyboard-shortcut first-keystroke="control shift LEFT"/>
  </action>
  <action id="ContextHelp">
  </action>
  <action id="ActivateMessagesToolWindow">
    <keyboard-shortcut first-keystroke="control alt 0"/>
  </action>
  <action id="NewElement">
    <keyboard-shortcut first-keystroke="control N"/>
    <keyboard-shortcut first-keystroke="control ENTER"/>
  </action>
  <action id="NewElementSamePlace">
    <keyboard-shortcut first-keystroke="control alt N"/>
  </action>
  <action id="ActivateProjectToolWindow">
    <keyboard-shortcut first-keystroke="alt 1"/>
  </action>
  <action id="ActivateFavoritesToolWindow">
    <keyboard-shortcut first-keystroke="alt 2"/>
  </action>
  <action id="ActivateFindToolWindow">
    <keyboard-shortcut first-keystroke="alt 3"/>
  </action>
  <action id="ActivateRunToolWindow">
    <keyboard-shortcut first-keystroke="alt 4"/>
  </action>
  <action id="ActivateDebugToolWindow">
    <keyboard-shortcut first-keystroke="alt 5"/>
  </action>
  <action id="ActivateTODOToolWindow">
    <keyboard-shortcut first-keystroke="alt 6"/>
  </action>
  <action id="ActivateStructureToolWindow">
    <keyboard-shortcut first-keystroke="alt 7"/>
  </action>
  <action id="ActivateHierarchyToolWindow">
    <keyboard-shortcut first-keystroke="alt 8"/>
  </action>
  <action id="ActivateVersionControlToolWindow">
    <keyboard-shortcut first-keystroke="alt 9"/>
  </action>
  <action id="Generate">
    <keyboard-shortcut first-keystroke="control N"/>
    <keyboard-shortcut first-keystroke="control ENTER"/>
  </action>
  <action id="EditorToggleColumnMode">
    <keyboard-shortcut first-keystroke="control alt shift 8"/>
  </action>
  <action id="EditorLineEndWithSelection">
    <keyboard-shortcut first-keystroke="shift END"/>
    <keyboard-shortcut first-keystroke="control shift RIGHT"/>
  </action>
  <action id="ExportToTextFile">
    <keyboard-shortcut first-keystroke="control shift O"/>
  </action>
  <action id="EditorLineEnd">
    <keyboard-shortcut first-keystroke="END"/>
    <keyboard-shortcut first-keystroke="control RIGHT"/>
  </action>
  <action id="Exit">
    <keyboard-shortcut first-keystroke="control Q"/>
  </action>
  <action id="GotoTypeDeclaration">
    <keyboard-shortcut first-keystroke="control shift B"/>
    <mouse-shortcut keystroke="control shift button1"/>
  </action>

  <action id="EditorJoinLines">
    <keyboard-shortcut first-keystroke="control shift J"/>
  </action>
  <action id="FindNext">
    <keyboard-shortcut first-keystroke="F3"/>
    <keyboard-shortcut first-keystroke="control L"/>
  </action>
  <action id="FindPrevious">
    <keyboard-shortcut first-keystroke="shift F3"/>
    <keyboard-shortcut first-keystroke="control shift L"/>
  </action>

  <action id="VcsShowNextChangeMarker">
    <keyboard-shortcut first-keystroke="shift control alt DOWN"/>
  </action>
  <action id="VcsShowPrevChangeMarker">
    <keyboard-shortcut first-keystroke="shift control alt UP"/>
  </action>
  <action id="CallHierarchy">
    <keyboard-shortcut first-keystroke="control alt H"/>
  </action>
  <action id="Vcs.MoveChangedLinesToChangelist">
    <keyboard-shortcut first-keystroke="control shift M"/>
  </action>
  <action id="ChangesView.Move">
    <keyboard-shortcut first-keystroke="control shift M"/>
  </action>

  <action id="CommentByBlockComment">
    <keyboard-shortcut first-keystroke="control shift SLASH"/>
    <keyboard-shortcut first-keystroke="control shift DIVIDE"/>
  </action>

  <action id="Refresh">
    <keyboard-shortcut first-keystroke="control R"/>
  </action>
  <action id="Rerun">
    <keyboard-shortcut first-keystroke="control R"/>
  </action>
  <action id="RerunTests">
    <keyboard-shortcut first-keystroke="alt shift R"/>
  </action>
  <action id="RunClass">
    <keyboard-shortcut first-keystroke="control shift F10"/>
  </action>
  <action id="DebugClass">
    <keyboard-shortcut first-keystroke="control shift F9"/>
  </action>
  <action id="TestGestureAction">
    <keyboard-gesture-shortcut keystroke="control alt 1" modifier="dblClick"/>
  </action>
  <action id="Switcher">
    <keyboard-shortcut first-keystroke="control TAB"/>
    <keyboard-shortcut first-keystroke="control shift TAB"/>
  </action>
  <action id="Diff.FocusOppositePane">
    <keyboard-shortcut first-keystroke="control TAB"/>
  </action>
  <action id="Diff.FocusOppositePaneAndScroll">
    <keyboard-shortcut first-keystroke="control shift TAB"/>
  </action>
  <action id="Vcs.QuickListPopupAction">
    <keyboard-shortcut first-keystroke="control shift V"/>
  </action>
  <action id="VcsHistory.ShowAllAffected">
    <keyboard-shortcut first-keystroke="control alt A"/>
  </action>

  <action id="EditorSelectWord">
    <keyboard-shortcut first-keystroke="alt UP"/>
  </action>
  <action id="EditorUnSelectWord">
    <keyboard-shortcut first-keystroke="alt DOWN"/>
  </action>

  <action id="EditorLookupUp">
    <keyboard-shortcut first-keystroke="control alt UP"/>
  </action>
  <action id="EditorLookupDown">
    <keyboard-shortcut first-keystroke="control alt DOWN"/>
  </action>

  <action id="EditorDeleteToWordStart">
    <keyboard-shortcut first-keystroke="alt BACK_SPACE"/>
  </action>
  <action id="EditorDeleteToWordEnd">
    <keyboard-shortcut first-keystroke="alt DELETE"/>
  </action>
  <action id="EditorDeleteLine">
    <keyboard-shortcut first-keystroke="control BACK_SPACE"/>
  </action>

  <action id="CloseContent">
    <keyboard-shortcut first-keystroke="control W"/>
  </action>
  <action id="CloseActiveTab">
    <keyboard-shortcut first-keystroke="control shift F4"/> <!-- TODO? -->
  </action>


  <action id="ReplaceInPath">
    <keyboard-shortcut first-keystroke="control shift R"/>
  </action>
  <action id="FindInPath">
    <keyboard-shortcut first-keystroke="control shift F"/>
  </action>

  <action id="Find">
    <keyboard-shortcut first-keystroke="control F"/>
  </action>
  <action id="FindNext">
    <keyboard-shortcut first-keystroke="control G"/>
  </action>
  <action id="FindPrevious">
    <keyboard-shortcut first-keystroke="alt shift G"/>
  </action>

  <action id="SelectNextOccurrence">
    <keyboard-shortcut first-keystroke="control G"/>
  </action>
  <action id="UnselectPreviousOccurrence">
    <keyboard-shortcut first-keystroke="control shift G"/>
  </action>
  <action id="SelectAllOccurrences">
    <keyboard-shortcut first-keystroke="control alt shift G"/>
  </action>

  <action id="Run">
    <keyboard-shortcut first-keystroke="control alt R"/>
  </action>
  <action id="Debug">
    <keyboard-shortcut first-keystroke="control alt D"/>
  </action>
  <action id="Resume">
    <keyboard-shortcut first-keystroke="F9"/>
  </action>

  <action id="ChooseRunConfiguration">
    <keyboard-shortcut first-keystroke="control alt shift R"/>
  </action>
  <action id="ChooseDebugConfiguration">
    <keyboard-shortcut first-keystroke="control alt shift D"/>
  </action>
  <action id="RunClass">
    <keyboard-shortcut first-keystroke="control shift C"/>
  </action>
  <action id="DebugClass">
    <keyboard-shortcut first-keystroke="control shift D"/>
  </action>

  <action id="GotoClass">
    <keyboard-shortcut first-keystroke="control O"/>
  </action>
  <action id="GotoChangedFile">
    <keyboard-shortcut first-keystroke="control O"/>
  </action>
  <action id="GotoSymbol">
    <keyboard-shortcut first-keystroke="control alt O"/>
  </action>
  <action id="GotoFile">
    <keyboard-shortcut first-keystroke="control shift O"/>
  </action>
  <action id="GotoLine">
    <keyboard-shortcut first-keystroke="control L"/>
  </action>
  <action id="GotoRelated">
    <keyboard-shortcut first-keystroke="control alt HOME"/>
  </action>
  <action id="QuickImplementations">
    <keyboard-shortcut first-keystroke="alt SPACE"/>
    <keyboard-shortcut first-keystroke="control Y"/>
  </action>
  <action id="EditSource">
    <keyboard-shortcut first-keystroke="control DOWN"/>
    <keyboard-shortcut first-keystroke="F4"/>
  </action>

  <action id="ToggleBookmark">
    <keyboard-shortcut first-keystroke="F3"/>
  </action>
  <action id="ToggleBookmarkWithMnemonic">
    <keyboard-shortcut first-keystroke="alt F3"/>
  </action>
  <action id="ShowBookmarks">
    <keyboard-shortcut first-keystroke="control F3"/>
  </action>

  <action id="ImplementMethods">
    <keyboard-shortcut first-keystroke="control I"/>
  </action>
  <action id="OverrideMethods">
    <keyboard-shortcut first-keystroke="alt shift O"/>
  </action>
  <action id="OptimizeImports">
    <keyboard-shortcut first-keystroke="control alt shift O"/>
  </action>
  <action id="AutoIndentLines">
    <keyboard-shortcut first-keystroke="control alt I"/>
  </action>

  <action id="MinimizeCurrentWindow">
    <keyboard-shortcut first-keystroke="control M"/>
  </action>

  <action id="ZoomCurrentWindow">
    <keyboard-shortcut first-keystroke="control EQUALS"/>
  </action>

  <action id="ToggleFullScreen">
    <keyboard-shortcut first-keystroke="control alt shift F"/>
  </action>

  <action id="Vcs.ShowMessageHistory">
    <keyboard-shortcut first-keystroke="control E"/>
  </action>

  <action id="ChangesView.SetDefault">
    <keyboard-shortcut first-keystroke="control SPACE" />
  </action>

  <action id="ShowNavBar">
    <keyboard-shortcut first-keystroke="control UP"/>
    <keyboard-shortcut first-keystroke="alt HOME"/>
  </action>

  <action id="EditorScrollUp"/> <!-- Disables meta up -->
  <action id="EditorScrollDown"/>  <!-- Disables meta down -->
  <action id="FindWordAtCaret"/> <!-- Disables meta F3 -->
  <action id="EditorScrollToCenter"/> <!-- Disables meta M -->

  <action id="$Undo">
    <keyboard-shortcut first-keystroke="control Z"/> <!-- Disables alt backspace -->
  </action>

  <action id="QuickChangeScheme">
    <keyboard-shortcut first-keystroke="control BACK_QUOTE"/>
  </action>

  <action id="context.save"/>
  <action id="context.load"/>

  <action id="PreviousTab">
    <keyboard-shortcut first-keystroke="control shift OPEN_BRACKET"/>
  </action>
  <action id="NextTab">
    <keyboard-shortcut first-keystroke="control shift CLOSE_BRACKET"/>
  </action>
  <action id="Diff.PrevChange">
    <keyboard-shortcut first-keystroke="control shift OPEN_BRACKET"/>
  </action>
  <action id="Diff.NextChange">
    <keyboard-shortcut first-keystroke="control shift CLOSE_BRACKET"/>
  </action>
  <action id="EditorCodeBlockStart">
    <keyboard-shortcut first-keystroke="control alt OPEN_BRACKET"/>
  </action>
  <action id="EditorCodeBlockEnd">
    <keyboard-shortcut first-keystroke="control alt CLOSE_BRACKET"/>
  </action>
  <action id="EditorCodeBlockStartWithSelection">
    <keyboard-shortcut first-keystroke="control alt shift OPEN_BRACKET"/>
  </action>
  <action id="EditorCodeBlockEndWithSelection">
    <keyboard-shortcut first-keystroke="control alt shift CLOSE_BRACKET"/>
  </action>
  <action id="Back">
    <keyboard-shortcut first-keystroke="control OPEN_BRACKET"/>
    <mouse-shortcut keystroke="button4"/>
  </action>
  <action id="Forward">
    <keyboard-shortcut first-keystroke="control CLOSE_BRACKET"/>
    <mouse-shortcut keystroke="button5"/>
  </action>

  <action id="NextProjectWindow">
    <keyboard-shortcut first-keystroke="control alt BACK_QUOTE"/>
  </action>

  <action id="PreviousProjectWindow">
    <keyboard-shortcut first-keystroke="control shift alt BACK_QUOTE"/>
  </action>

  <action id="EditorCutLineEnd">
    <keyboard-shortcut first-keystroke="control K"/>
  </action>
  <action id="EditorDown">
    <keyboard-shortcut first-keystroke="DOWN"/>
  </action>
  <action id="EditorLeft">
    <keyboard-shortcut first-keystroke="LEFT"/>
  </action>
  <action id="EditorLineEnd">
    <keyboard-shortcut first-keystroke="END"/>
    <keyboard-shortcut first-keystroke="control RIGHT"/>
  </action>
  <action id="EditorLineStart">
    <keyboard-shortcut first-keystroke="HOME"/>
    <keyboard-shortcut first-keystroke="control LEFT"/>
  </action>
  <action id="EditorRight">
    <keyboard-shortcut first-keystroke="RIGHT"/>
  </action>
  <action id="EditorToggleColumnMode">
    <keyboard-shortcut first-keystroke="control alt shift 8"/>
  </action>
  <action id="EditorUp">
    <keyboard-shortcut first-keystroke="UP"/>
  </action>

  <action id="UsageView.Include">
    <keyboard-shortcut first-keystroke="shift BACK_SPACE"/>
  </action>

  <action id="Refactorings.QuickListPopupAction">
    <keyboard-shortcut first-keystroke="control T"/>
  </action>

  <action id="NewScratchFile">
    <keyboard-shortcut first-keystroke="control shift N"/>
  </action>
  <action id="ExpandAllToLevel1">
    <keyboard-shortcut first-keystroke="control alt MULTIPLY" second-keystroke="1"/>
    <keyboard-shortcut first-keystroke="control alt MULTIPLY" second-keystroke="NUMPAD1"/>
  </action>
  <action id="ExpandAllToLevel2">
    <keyboard-shortcut first-keystroke="control alt MULTIPLY" second-keystroke="2"/>
    <keyboard-shortcut first-keystroke="control alt MULTIPLY" second-keystroke="NUMPAD2"/>
  </action>
  <action id="ExpandAllToLevel3">
    <keyboard-shortcut first-keystroke="control alt MULTIPLY" second-keystroke="3"/>
    <keyboard-shortcut first-keystroke="control alt MULTIPLY" second-keystroke="NUMPAD3"/>
  </action>
  <action id="ExpandAllToLevel4">
    <keyboard-shortcut first-keystroke="control alt MULTIPLY" second-keystroke="4"/>
    <keyboard-shortcut first-keystroke="control alt MULTIPLY" second-keystroke="NUMPAD4"/>
  </action>
  <action id="ExpandAllToLevel5">
    <keyboard-shortcut first-keystroke="control alt MULTIPLY" second-keystroke="5"/>
    <keyboard-shortcut first-keystroke="control alt MULTIPLY" second-keystroke="NUMPAD5"/>
  </action>
  <action id="EditorMatchBrace">
    <keyboard-shortcut first-keystroke="control alt M" replace-all="true"/>
  </action>

  <action id="EmojiAndSymbols">
    <keyboard-shortcut first-keystroke="control alt shift SPACE"/>
  </action>

  <action id="MethodOverloadSwitchUp">
    <keyboard-shortcut first-keystroke="alt UP"/>
  </action>
  <action id="MethodOverloadSwitchDown">
    <keyboard-shortcut first-keystroke="alt DOWN"/>
  </action>

  <action id="RunDashboard.ShowConfigurations">
    <keyboard-shortcut first-keystroke="shift control T"/>
  </action>

  <action id="GotoNextElementUnderCaretUsage">
    <keyboard-shortcut first-keystroke="control alt DOWN"/>
  </action>

  <action id="GotoPrevElementUnderCaretUsage">
    <keyboard-shortcut first-keystroke="control alt UP"/>
  </action>

  <action id="XDebugger.AttachToProcess">
    <keyboard-shortcut first-keystroke="alt shift F5"/>
  </action>
  <action id="ShowFilterPopup">
    <keyboard-shortcut first-keystroke="control alt F"/>
  </action>
  <action id="ShowSearchHistory">
    <keyboard-shortcut first-keystroke="alt down"/>
  </action>

  <action id="SearchEverywhere.NavigateToNextGroup">
    <keyboard-shortcut first-keystroke="PAGE_DOWN"/>
    <keyboard-shortcut first-keystroke="control DOWN"/>
  </action>
  <action id="SearchEverywhere.NavigateToPrevGroup">
    <keyboard-shortcut first-keystroke="PAGE_UP"/>
    <keyboard-shortcut first-keystroke="control UP"/>
  </action>

  <!-- New keybindings -->
  <action id="Vcs.UpdateProject">
    <keyboard-shortcut first-keystroke="ctrl alt shift t" />
  </action>
</keymap>